"DESCRIPTION","DURATION IN MS","NAME","PARENT SUITE","START TIME","STATUS","STOP TIME","SUB SUITE","SUITE","TEST CLASS","TEST METHOD"
"
Test: Attempt to add a batch with a name that is too short and verify error message.
Steps:
1. Click to add a new batch for the given vaccine.
2. Enter a batch name with only one character.
3. Fill in expiry date and confirm.
Verification:
- Error message is shown indicating the batch name must be more than 2 characters.
","577","test_batch_name_too_short[Revaxis]","tests","2026-01-30","passed","2026-01-30","","test_vaccines","",""
"
Test: Upload a SystmOne vaccination records file with invalid data and
   verify error handling.
Steps:
1. Navigate to vaccination records import page.
2. Upload a SystmOne file with invalid data.
Verification:
- Output lists errors as expected for each record
Scenarios covered:
EmptyDoB, InvalidDoB, LongerNHSNo, ShorterNHSNo, InvalidVaccsType, InvalidVaccsDose,
InvalidVaccsType, EmptyFirstName, EmptyPostcode, InvalidPostcode, EmptySex,
InvalidSex, EmptyLastName, EmptyEventDate, InvalidEventDate, FutureEventDate,
PastEventDate, InvalidEventTime, FutureEventTime, InvalidSchoolURN, LongBatchNumber,
AllValuesMMR_DoseSeq3
","999","test_vaccination_file_upload_systmone_invalid_data","tests","2026-01-30","passed","2026-01-30","","test_import_systmone_nivs","",""
"
Test: Attempt to add a batch with a name that is too short and verify error message.
Steps:
1. Click to add a new batch for the given vaccine.
2. Enter a batch name with only one character.
3. Fill in expiry date and confirm.
Verification:
- Error message is shown indicating the batch name must be more than 2 characters.
","755","test_batch_name_too_short[Priorix]","tests","2026-01-30","passed","2026-01-30","","test_vaccines","",""
"
Test: End-to-end test for recording a flu vaccination for a child.
Steps:
1. Setup: Log in as nurse, create session, import class list, and get batch name.
2. Go to online consent URL and fill in child and parent details.
3. Agree to flu vaccination, fill address, answer health questions, and confirm.
4. Log in as nurse, navigate to session, set session in progress,
   register child as attending.
5. Record flu vaccination for the child.
Verification:
- Final consent message is shown after online consent.
- Vaccination is recorded for the child in the session.
","24052","test_recording_flu_vaccination_e2e[consent_option: ]","tests","2026-01-30","passed","2026-01-30","","test_e2e_flu","",""
"
Test: Submit an online consent form giving consent for flu vaccination
   (nasal spray, injection, or both) and verify confirmation.
Steps:
1. Fill in child and parent details on the consent page.
2. Agree to flu vaccination, selecting the consent option
   (nasal spray, injection, or both).
3. Fill in address details.
4. Answer the required number of health questions, optionally marking one as 'yes'.
5. Submit the consent form.
Verification:
- Confirmation message is shown for the correct child, consent option,
  and health question status.
","9796","test_consent_given_for_flu_vaccination[yes_to_health_questions: False-consent_option: ]","tests","2026-01-30","passed","2026-01-30","","test_online_consent_flu","",""
"
Test: Verify that tallying totals match the number of eligible patients.
Steps:
1. Navigate to a session with eligible patients for the given programme.
2. Compare the sum of the tally boxes with the count of eligible patients.
Verification:
- Sum of tally totals should equal the number of eligible children shown
  on the children tab.
","10341","test_tallying_totals_match_eligible_patients[Programme: MMR(V)]","tests","2026-01-30","passed","2026-01-30","","test_tallying","",""
"
Test: Upload a SystmOne vaccination records file with valid data and verify import.
Steps:
1. Navigate to vaccination records import page.
2. Upload a SystmOne file with valid data.
Verification:
- Output indicates successful import of SystmOne records.
Scenarios covered:
AllValuesCervarix, AllValuesG9, AllValuesHistorical, MandatoryValues, Batch100Chars,
AllValuesMMR_DoseSeq1, AllValuesMMR_DoseSeq2
","1644","test_vaccination_file_upload_systmone_valid_data","tests","2026-01-30","passed","2026-01-30","","test_import_systmone_nivs","",""
"
Test: Log in with valid credentials for each user role and verify dashboard links
   and team information.
Steps:
1. Navigate to the log in page (autouse fixture).
2. Log in as the specified user role and select team if necessary.
3. Verify that all expected dashboard links are visible.
4. Verify that team information is visible in Team page.
5. Log out.
Verification:
- Log out button and all dashboard navigation links are visible after login.
- Team name and email are visible in the Team page.
","1669","test_login_with_valid_credentials[role: healthcare_assistant]","tests","2026-01-30","passed","2026-01-30","","test_log_in","",""
"
Test: Add, edit, and archive a vaccine batch and verify success alerts.
Steps:
1. Click to add a new batch for the given vaccine.
2. Fill in batch name and expiry date, then confirm.
3. Edit the batch expiry date and confirm.
4. Archive the batch and confirm.
Verification:
- Success alerts are visible after each operation (add, edit, archive).
","2077","test_batch_add_change_archive[MenQuadfi]","tests","2026-01-30","passed","2026-01-30","","test_vaccines","",""
"
Test: Attempt to add a batch with a name that is too short and verify error message.
Steps:
1. Click to add a new batch for the given vaccine.
2. Enter a batch name with only one character.
3. Fill in expiry date and confirm.
Verification:
- Error message is shown indicating the batch name must be more than 2 characters.
","705","test_batch_name_too_short[Cell-based Trivalent Influenza Vaccine Seqirus]","tests","2026-01-30","passed","2026-01-30","","test_vaccines","",""
"
Test: Verify a vaccination can be recorded after providing nurse consent for HPV
Steps:
1. Setup: Schedule sessions for doubles at a school and
   import a fixed child class list.
2. Navigate to the session and register the child as attending.
3. Record verbal consent for the child.
4. Record both vaccinations for the child with a long notes field.
Verification:
- Vaccinations can be recorded
- Providing long notes gives an error
","24066","test_e2e_nurse_consent_doubles","tests","2026-01-30","passed","2026-01-30","","test_e2e_nurse_consent_doubles","",""
"
Test: Verify that tallying totals match the number of eligible patients.
Steps:
1. Navigate to a session with eligible patients for the given programme.
2. Compare the sum of the tally boxes with the count of eligible patients.
Verification:
- Sum of tally totals should equal the number of eligible children shown
  on the children tab.
","10606","test_tallying_totals_match_eligible_patients[Programme: HPV]","tests","2026-01-30","passed","2026-01-30","","test_tallying","",""
"
Test: Attempt to add a batch with a name that is too long and verify error message.
Steps:
1. Click to add a new batch for the given vaccine.
2. Enter a batch name with more than 100 characters.
3. Fill in expiry date and confirm.
Verification:
- Error message is shown indicating the batch name must be less than 100 characters.
","533","test_batch_name_too_long[Fluenz]","tests","2026-01-30","passed","2026-01-30","","test_vaccines","",""
"
Test: Log in with valid credentials for each user role and verify dashboard links
   and team information.
Steps:
1. Navigate to the log in page (autouse fixture).
2. Log in as the specified user role and select team if necessary.
3. Verify that all expected dashboard links are visible.
4. Verify that team information is visible in Team page.
5. Log out.
Verification:
- Log out button and all dashboard navigation links are visible after login.
- Team name and email are visible in the Team page.
","1581","test_login_with_valid_credentials[role: prescriber]","tests","2026-01-30","passed","2026-01-30","","test_log_in","",""
"
Test: Verify a vaccination can be recorded after providing nurse consent for MMR
Steps:
1. Setup: Schedule sessions for doubles at a school and
   import a fixed child class list.
2. Navigate to the session and register the child as attending.
3. Record verbal consent for the child.
4. Record both vaccinations for the child with a long notes field.
Verification:
- Vaccinations can be recorded
- Providing long notes gives an error
","14021","test_e2e_nurse_consent_mmr[consent_option: Either]","tests","2026-01-30","passed","2026-01-30","","test_e2e_nurse_consent_mmr","",""
"
Test: Submit an online consent form giving consent for flu vaccination
   (nasal spray, injection, or both) and verify confirmation.
Steps:
1. Fill in child and parent details on the consent page.
2. Agree to flu vaccination, selecting the consent option
   (nasal spray, injection, or both).
3. Fill in address details.
4. Answer the required number of health questions, optionally marking one as 'yes'.
5. Submit the consent form.
Verification:
- Confirmation message is shown for the correct child, consent option,
  and health question status.
","11543","test_consent_given_for_flu_vaccination[yes_to_health_questions: True-consent_option: ]","tests","2026-01-30","passed","2026-01-30","","test_online_consent_flu","",""
"
Test: Ensure patient details page loads for a child with missing vaccine info
   (MAV-853).
Steps:
1. Setup: Import class list, schedule session, import cohort, and upload vaccination
   records with missing vaccine info.
2. Search for the child by name.
3. Click to view the child's record.
4. Open the activity log.
5. View vaccination details for the child.
Verification:
- Activity log header shows ""Vaccinated with Gardasil 9"".
- Vaccination details show ""Outcome"" as ""Vaccinated"".
","2608","test_patient_details_load_with_missing_vaccine_info","tests","2026-01-30","passed","2026-01-30","","test_children","",""
"
Test: Verify a vaccination can be recorded after providing nurse consent for MMR
Steps:
1. Setup: Schedule sessions for doubles at a school and
   import a fixed child class list.
2. Navigate to the session and register the child as attending.
3. Record verbal consent for the child.
4. Record both vaccinations for the child with a long notes field.
Verification:
- Vaccinations can be recorded
- Providing long notes gives an error
","13310","test_e2e_nurse_consent_mmr[consent_option: Without gelatine]","tests","2026-01-30","passed","2026-01-30","","test_e2e_nurse_consent_mmr","",""
"
Test: Attempt to add a batch with a name that is too short and verify error message.
Steps:
1. Click to add a new batch for the given vaccine.
2. Enter a batch name with only one character.
3. Fill in expiry date and confirm.
Verification:
- Error message is shown indicating the batch name must be more than 2 characters.
","613","test_batch_name_too_short[Nimenrix]","tests","2026-01-30","passed","2026-01-30","","test_vaccines","",""
"
Test: Attempt to add a batch with a name that is too short and verify error message.
Steps:
1. Click to add a new batch for the given vaccine.
2. Enter a batch name with only one character.
3. Fill in expiry date and confirm.
Verification:
- Error message is shown indicating the batch name must be more than 2 characters.
","521","test_batch_name_too_short[MMR VaxPro]","tests","2026-01-30","passed","2026-01-30","","test_vaccines","",""
"
Test: Upload a SystmOne vaccination records file with extra whitespace and
   verify normalization.
Steps:
1. Upload a SystmOne file with whitespace issues.
Verification:
- Output indicates successful normalization and import.
Scenarios covered:
TwoSpaces, Tabs, NBSP (non-breaking space), ZWJ (zero-width joiner),
HistoricalTwoSpaces, HistoricalTabs, HistoricalNBSP, HistoricalZWJ
","1208","test_vaccination_file_upload_systmone_whitespace_normalization","tests","2026-01-30","passed","2026-01-30","","test_import_systmone_nivs","",""
"
Test: Upload a vaccination file with no URN/care setting and verify the child
record is created and the location is set to school (MAV-855).
Steps:
1. Upload a vaccination file missing care setting for a child not in Mavis.
2. Navigate to children page and search for the child.
3. Open vaccination details for the child.
Verification:
- Vaccination location is displayed as the school.
Scenarios covered: MAV-855
","4965","test_vaccination_file_upload_creates_child_no_setting","tests","2026-01-30","passed","2026-01-30","","test_import_offline_vaccinations","",""
"
Test: Edit a vaccination dose to 'not given' and verify outcome. Then
change it back to 'given' with batch and site, and verify outcome.
Steps:
1. Navigate to the child in the programme.
2. Edit the vaccination record and change outcome to 'they refused it'.
3. Save changes.
4. Verify alert confirms vaccination outcome recorded as refused.
5. Edit the vaccination record again and change outcome back to 'vaccinated'.
6. Add batch and site information.
7. Update time of delivery.
8. Save changes.
Verification:
- Alert confirms vaccination outcome recorded as refused.
","6719","test_edit_vaccination_dose_to_not_given_and_bac","tests","2026-01-30","passed","2026-01-30","","test_vaccination_records","",""
"
Test: Verify that the Team Schools page lists only schools associated with the team.
Steps:
1. Navigate to the team page.
2. Click on the 'Schools' link.
Verification:
- Only schools associated with the team are visible on the Schools page.
","561","test_team_page_lists_correct_schools","tests","2026-01-30","passed","2026-01-30","","test_team","",""
"
Test: Verify a vaccination can be recorded after providing nurse consent for HPV
Steps:
1. Setup: Schedule sessions for HPV at a school and
   import a fixed child class list.
2. Navigate to the session and register the child as attending.
3. Record verbal consent for the child.
4. Record a vaccination for the child with a long notes field.
Verification:
- Vaccination can be recorded
- Providing long notes gives an error
","13718","test_e2e_nurse_consent_hpv","tests","2026-01-30","passed","2026-01-30","","test_e2e_nurse_consent_hpv","",""
"
Test: Record verbal refusal of consent and verify activity log entry.
Steps:
1. Schedule session and import class list.
2. Record verbal refusal for the child.
3. Select 'consent refused' in session and check activity log.
Verification:
- Activity log contains entry for consent refusal by the parent.
","8835","test_consent_refused_and_activity_log","tests","2026-01-30","passed","2026-01-30","","test_sessions","",""
"
Test: End-to-end test for recording an MMR vaccination for a child.
Steps:
1. Setup: Log in as nurse, create session, import class list, and get batch name.
2. Go to online consent URL and fill in child and parent details.
3. Agree to MMR vaccination, fill address, answer health questions, and confirm.
4. Log in as nurse, navigate to session, set session in progress,
   register child as attending.
5. Record MMR vaccination for the child.
6. Attempt to record second dose on the same day and verify child cannot be found.
Verification:
- Final consent message is shown after online consent.
- Vaccination is recorded for the child in the session on the first attempt.
- Child cannot be found when attempting to record a second dose on the same day.
","19784","test_verify_child_cannot_be_vaccinated_twice_for_mmr_on_same_day","tests","2026-01-30","passed","2026-01-30","","test_e2e_mmr","",""
"
Test: Verify that the flu vaccine is not available for selection if not enabled
   in onboarding.
Steps:
1. Retrieve the list of enabled programmes from onboarding.
2. Check the vaccines page for flu vaccine availability.
Verification:
- Flu vaccine is not available for selection if not present in the
  enabled programmes.
","0","test_verify_flu_not_available","tests","2026-01-30","passed","2026-01-30","","test_vaccines","",""
"
Test: Check the tallying feature counts as expected
Steps:
1. Record consent for injection, withdraw it, invalidate it,
   provide nasal spray consent and vaccinate.
2. Verify the tally updates correctly after each action.
Verification:
- Tally counts match expected values after each step.
","28574","test_tallying","tests","2026-01-30","passed","2026-01-30","","test_tallying","",""
"
Test: Submit a consent form that won't match automatically, find a patient
with a vaccination record, attempt to match the consent form with that patient,
and verify that ServiceErrorPage is not displayed.
Steps:
1. Submit a consent form that won't match with a patient automatically
   (already done by give_online_consent).
2. Import a class list to create searchable child records.
3. Import a vaccination record for a different child to create a patient with
   vaccination history.
4. Find the patient with vaccination record and attempt to match the consent
   form with that patient.
5. Verify that the ServiceErrorPage is not displayed during the matching
   process.
Verification:
- No ServiceErrorPage or error page is displayed during consent matching.
- The matching process completes without server errors.
","23584","test_match_consent_with_vaccination_record_no_service_error","tests","2026-01-30","passed","2026-01-30","","test_consent_responses","",""
"
Test: Record two consents from the same parent (positive then refusal)
   and verify activity log.
Steps:
1. Open the session and consent tab for the child.
2. Record a written positive consent for parent 1.
3. Record a triage outcome as safe to vaccinate.
4. Record a verbal refusal for the same parent.
5. Check the consent refused text and session activity log.
Verification:
- Consent refused text is shown for the parent.
- Activity log contains entries for refusal, triage, and initial consent.
","15369","test_parent_provides_consent_twice","tests","2026-01-30","passed","2026-01-30","","test_nurse_consent","",""
"
Test: Attempt to log in with invalid or empty credentials and verify error message.
Steps:
1. Navigate to the log in page (autouse fixture).
2. Attempt to log in with the given username and password.
Verification:
- Error message is displayed indicating invalid credentials.
","537","test_login_with_invalid_credentials[password: invalid-username: ]","tests","2026-01-30","passed","2026-01-30","","test_log_in","",""
"
Test: Upload a vaccination records file with invalid structure and
   verify error handling.
Steps:
1. Navigate to vaccination records import page.
2. Upload a file with incorrect structure.
Verification:
- Output indicates structural errors.
","1065","test_vaccination_file_upload_invalid_structure","tests","2026-01-30","passed","2026-01-30","","test_import_offline_vaccinations","",""
"
Test: Click the 'Send reminders' link and PDF download links in sessions and
verify there are no errors.
Steps:
1. Open a session with a fixed child.
2. Click 'Send reminders' link and verify no errors.
3. Attempt to download consent PDFs and verify no errors.
Verification:
- No errors occur when sending reminders or downloading PDFs.
","1945","test_session_verify_consent_reminders_and_pdf_downloads","tests","2026-01-30","passed","2026-01-30","","test_sessions","",""
"
Test: Record invalid and refused consents and verify activity log entries.
Steps:
1. Open the session and consent tab for the child.
2. Record a 'no response' verbal consent for parent 1.
3. Record a refusal verbal consent for parent 2.
4. Invalidate the refusal from parent 2.
5. Check the session activity log for correct entries.
Verification:
- Activity log contains entries for invalidated consent, refusal, and no response.
","15236","test_invalid_consent","tests","2026-01-30","passed","2026-01-30","","test_nurse_consent","",""
"
Test: Upload a vaccination records file with only headers and verify no records are
   imported.
Steps:
1. Navigate to vaccination records import page.
2. Upload a header-only file.
Verification:
- Output indicates no records imported.
","434","test_vaccination_file_upload_header_only","tests","2026-01-30","passed","2026-01-30","","test_import_offline_vaccinations","",""
"
Test: Upload a historic vaccination records file with invalid data and
   verify error handling.
Steps:
1. Navigate to vaccination records import page.
2. Upload a historic file with invalid data.
Verification:
- Output lists errors as expected for each record
Scenarios covered:
InvalidODSCode, EmptyOrgCode, EmptySchoolURN, NotKnownSchoolEmpty, LongNHSNumber,
ShortNHSNumber, EmptyForename, EmptyLastname, EmptyDOB, InvalidFormatDOB, FutureDOB,
NonLeapYearDOB, EmptyGender, InvalidGender, EmptyPostCode, InvalidPostCode,
EmptyVaccDate, FutureVaccDate, EmptyVaccGiven, EmptyBatchNumber, EmptyExpiryDate,
EmptyAnatomicalSite, InvalidAnatomicalSite, InvalidAnatomicalSite,
InvalidAnatomicalSite, EmptyDoseSeq, InvalidDoseSeq, EmptyCareSetting,
InvalidProfFName, InvalidProfSName, InvalidProfEmail, InvalidClinic, InvalidTime,
InvalidReason, InvalidVaccinatedFlag, InvalidCareSetting, TimeInFuture,
LongBatchNumber
","8102","test_vaccination_file_upload_historic_invalid_data","tests","2026-01-30","failed","2026-01-30","","test_import_historical_vaccinations","",""
"
Test: Submit an online consent form giving consent for HPV vaccination and
   verify confirmation.
Steps:
1. Fill in child and parent details on the consent page, optionally changing school.
2. Agree to HPV vaccination.
3. Fill in address details.
4. Answer the required number of health questions, optionally marking one as 'yes'.
5. Submit the consent form.
Verification:
- Confirmation message is shown for the correct child, vaccine, and
  health question status.
","6972","test_consent_given_for_hpv_vaccination[yes_to_health_questions: True]","tests","2026-01-30","passed","2026-01-30","","test_online_consent_hpv","",""
"
Test: Verify a vaccination can be recorded after providing nurse consent for flu
Steps:
1. Setup: Schedule sessions for doubles at a school and
   import a fixed child class list.
2. Navigate to the session and register the child as attending.
3. Record verbal consent for the child.
4. Record both vaccinations for the child with a long notes field.
Verification:
- Vaccinations can be recorded
- Providing long notes gives an error
","13453","test_e2e_nurse_consent_flu[consent_option: Nasal spray]","tests","2026-01-30","passed","2026-01-30","","test_e2e_nurse_consent_flu","",""
"
Test: End-to-end test for recording an HPV vaccination for a child.
Steps:
1. Setup: Log in as nurse, create session, import class list, and get batch name.
2. Go to online consent URL and fill in child and parent details.
3. Agree to HPV vaccination, fill address, answer health questions, and confirm.
4. Log in as nurse, navigate to session, set session in progress,
   register child as attending.
5. Record HPV vaccination for the child.
Verification:
- Final consent message is shown after online consent.
- Vaccination is recorded for the child in the session.
","16923","test_recording_hpv_vaccination_e2e","tests","2026-01-30","passed","2026-01-30","","test_e2e_hpv","",""
"
Test: Submit an online consent form giving consent for flu vaccination
   (nasal spray, injection, or both) and verify confirmation.
Steps:
1. Fill in child and parent details on the consent page.
2. Agree to flu vaccination, selecting the consent option
   (nasal spray, injection, or both).
3. Fill in address details.
4. Answer the required number of health questions, optionally marking one as 'yes'.
5. Submit the consent form.
Verification:
- Confirmation message is shown for the correct child, consent option,
  and health question status.
","6472","test_consent_given_for_flu_vaccination[yes_to_health_questions: True-consent_option: Injection]","tests","2026-01-30","passed","2026-01-30","","test_online_consent_flu","",""
"
Test: Export session data to Excel and send clinic invitations,
   then verify vaccination record.
Steps:
1. Schedule session, import class list, and send clinic invitations.
2. Record verbal consent and register child as attending.
3. Record vaccination for the child at the clinic.
4. Verify vaccination outcome and Excel export.
Verification:
- Vaccination outcome is recorded and session Excel export is available.
","19949","test_verify_excel_export_and_clinic_invitation","tests","2026-01-30","passed","2026-01-30","","test_sessions","",""
"
Test: Attempt to log in with invalid or empty credentials and verify error message.
Steps:
1. Navigate to the log in page (autouse fixture).
2. Attempt to log in with the given username and password.
Verification:
- Error message is displayed indicating invalid credentials.
","520","test_login_with_invalid_credentials[password: invalid-username: invalid]","tests","2026-01-30","passed","2026-01-30","","test_log_in","",""
"
Test: Upload an empty class list file and verify error handling.
Steps:
1. Navigate to class list import page for the correct school and year group.
2. Upload an empty file.
Verification:
- Output indicates error or no records imported.
","365","test_class_list_file_upload_empty_file","tests","2026-01-30","passed","2026-01-30","","test_import_class_lists","",""
"
Test: Attempt to log in with invalid or empty credentials and verify error message.
Steps:
1. Navigate to the log in page (autouse fixture).
2. Attempt to log in with the given username and password.
Verification:
- Error message is displayed indicating invalid credentials.
","350","test_login_with_invalid_credentials[password: -username: ]","tests","2026-01-30","passed","2026-01-30","","test_log_in","",""
"
Test: Upload an empty vaccination records file and verify error handling.
Steps:
1. Navigate to vaccination records import page.
2. Upload an empty file.
Verification:
- Output indicates error or no records imported.
","415","test_vaccination_file_upload_empty_file","tests","2026-01-30","passed","2026-01-30","","test_import_offline_vaccinations","",""
"
Test: Log in with valid credentials for each user role and verify dashboard links
   and team information.
Steps:
1. Navigate to the log in page (autouse fixture).
2. Log in as the specified user role and select team if necessary.
3. Verify that all expected dashboard links are visible.
4. Verify that team information is visible in Team page.
5. Log out.
Verification:
- Log out button and all dashboard navigation links are visible after login.
- Team name and email are visible in the Team page.
","1459","test_login_with_valid_credentials[role: superuser]","tests","2026-01-30","passed","2026-01-30","","test_log_in","",""
"
Test: Submit an online consent form refusing doubles vaccination and
   verify confirmation.
Steps:
1. Fill in child and parent details on the consent page.
2. Select 'do not agree' to vaccination.
3. Choose refusal reason and provide details.
4. Submit the consent form.
Verification:
- Confirmation text indicates consent was refused for MenACWY and Td/IPV.
","4520","test_consent_refused_for_doubles_vaccination","tests","2026-01-30","passed","2026-01-30","","test_online_consent_doubles","",""
"
Test: Check team contact details appear on the Contact Details page.
Steps:
1. Navigate to the team page.
Verification:
- Team name and email are visible on the Contact Details page.
","246","test_check_team_contact_details","tests","2026-01-30","passed","2026-01-30","","test_team","",""
"
Test: Importing child records for a school that has been split into sites.
Steps:
1. From the team page, create a new school site (Site B) for an existing school.
2. Attempt to import child records using the original school URN.
3. Update the input file to use a site-specific URN (with an A/B identifier).
4. Re-run the import and complete the wizard.
5. Navigate to the original school and the new site Children pages.
Verification:
- An error message is shown when using the original URN, instructing the user
  to use URNs with site identifiers (e.g. {URN}A or {URN}B).
- The import succeeds when the child record uses a valid site identifier.
- The imported child appears under the original school site (A).
- The imported child does not appear under the new school site (B).
","32130","test_site_child_record_import","tests","2026-01-30","broken","2026-01-30","","test_team","",""
"
Test: Upload a SystmOne historic flu vaccination file for previous years and verify
   it is disallowed.
Steps:
1. Upload a SystmOne historic flu file for previous years.
Verification:
- Output indicates flu vaccinations for previous years are not allowed.
","835","test_vaccination_file_upload_systmone_disallow_flu_for_previous_years","tests","2026-01-30","passed","2026-01-30","","test_import_systmone_nivs","",""
"
Test: Upload an invalid child list file and verify error handling.
Steps:
1. Navigate to child record import page.
2. Upload a child list file with invalid data.
Verification:
- Output lists errors as expected for each record
Scenarios covered:
EmptyFirstName, EmptyLastName, EmptyURN, EmptyDOB, LongNHSNo, ShortNHSNo,
InvalidPostCode, InvalidParent1Email, InvalidParent2Email, InvalidYearGroup,
SpaceInDOB, InvalidFirstName, InvalidLastName, InvalidParent1Name,InvalidParent2Name
","1230","test_child_list_file_upload_invalid_data","tests","2026-01-30","passed","2026-01-30","","test_import_child_lists","",""
"
Test: Attempt to add a batch with a name that is too short and verify error message.
Steps:
1. Click to add a new batch for the given vaccine.
2. Enter a batch name with only one character.
3. Fill in expiry date and confirm.
Verification:
- Error message is shown indicating the batch name must be more than 2 characters.
","553","test_batch_name_too_short[Gardasil 9]","tests","2026-01-30","passed","2026-01-30","","test_vaccines","",""
"
Test: End-to-end test for recording an MMR vaccination for a child.
Steps:
1. Setup: Log in as nurse, create session, import class list, and get batch name.
2. Go to online consent URL and fill in child and parent details.
3. Agree to MMR vaccination, fill address, answer health questions, and confirm.
4. Log in as nurse, navigate to session, set session in progress,
   register child as attending, triage (set as safe to vaccinate).
5. Record MMR vaccination for the child.
Verification:
- Final consent message is shown after online consent.
- Vaccination is recorded for the child in the session.
","19888","test_recording_mmr_vaccination_e2e_with_triage","tests","2026-01-30","passed","2026-01-30","","test_e2e_mmr","",""
"
Test: Submit multiple online flu consent forms with different methods and
   verify the correct method is displayed in the session.
Steps:
1. Fill in child and parent details and submit consent with the first method.
2. Submit a second consent for the same child with the
   second method (different parent).
3. Navigate to the session and consent tab.
4. Search for the child and verify the correct consent method is shown.
5. Verify the pattern of consent details text in the offline excel.
Verification:
- The consent method displayed in the session matches the expected method
  from the last consent.
- The consent details in the excel download match the expected pattern.
","23222","test_flu_consent_method_displayed_correctly[consents: (<ConsentOption.NASAL_SPRAY_OR_INJECTION: ''>, <ConsentOption.NASAL_SPRAY: 'Nasal spray'>, <ConsentOption.NASAL_SPRAY: 'Nasal spray'>)]","tests","2026-01-30","passed","2026-01-30","","test_online_consent_flu","",""
"
Test: End-to-end test for recording MenACWY and Td/IPV (""doubles"") vaccinations
Steps:
1. Setup: Log in as nurse, create session, import class list, and get batch names.
2. Go to online consent URL and fill in child and parent details.
3. Agree to both MenACWY and Td/IPV vaccinations, fill address,
   answer health questions
4. Log in as nurse, navigate to session, set session in progress,
   register child as attending.
5. Record MenACWY and Td/IPV vaccinations for the child.
Verification:
- Final consent message is shown after online consent.
- Both vaccinations are recorded for the child in the session.
","21109","test_recording_doubles_vaccination_e2e","tests","2026-01-30","passed","2026-01-30","","test_e2e_doubles","",""
"
Test: Submit multiple online flu consent forms with different methods and
   verify the correct method is displayed in the session.
Steps:
1. Fill in child and parent details and submit consent with the first method.
2. Submit a second consent for the same child with the
   second method (different parent).
3. Navigate to the session and consent tab.
4. Search for the child and verify the correct consent method is shown.
5. Verify the pattern of consent details text in the offline excel.
Verification:
- The consent method displayed in the session matches the expected method
  from the last consent.
- The consent details in the excel download match the expected pattern.
","23052","test_flu_consent_method_displayed_correctly[consents: (<ConsentOption.NASAL_SPRAY: 'Nasal spray'>, <ConsentOption.NASAL_SPRAY: 'Nasal spray'>, <ConsentOption.NASAL_SPRAY: 'Nasal spray'>)]","tests","2026-01-30","passed","2026-01-30","","test_online_consent_flu","",""
"
Test: Download the school moves CSV and verify the headers.
Steps:
1. Setup: Ensure school moves exist by confirming/ignoring moves for two children.
2. Click the download button on the school moves page.
3. Enter a date range and confirm the download.
4. Read the downloaded CSV.
Verification:
- The CSV contains all expected headers for school moves.
- The CSV contains correct data for the two children involved in the school moves.
","1618","test_download_school_moves_csv","tests","2026-01-30","passed","2026-01-30","","test_school_moves","",""
"
Test: Upload a vaccination file and verify the child record and vaccination record
   exist.
Steps:
1. Upload a vaccination file for a child not in mavis.
2. Navigate to children page and search for the child.
3. Open vaccination details for the child.
Verification:
- Vaccination record and child record exist.
","6004","test_historical_vaccination_file_upload_creates_child","tests","2026-01-30","failed","2026-01-30","","test_import_historical_vaccinations","",""
"
Test: Create, edit, and delete a session for a school and verify lifecycle actions.
Steps:
1. Navigate to sessions page.
2. Create a new session for the school and programme.
3. Edit the session to set the date to today.
4. Delete all sessions for the school.
Verification:
- Session is created, edited, and deleted without errors.
","11158","test_session_lifecycle","tests","2026-01-30","passed","2026-01-30","","test_sessions","",""
"
Test: Add, edit, and archive a vaccine batch and verify success alerts.
Steps:
1. Click to add a new batch for the given vaccine.
2. Fill in batch name and expiry date, then confirm.
3. Edit the batch expiry date and confirm.
4. Archive the batch and confirm.
Verification:
- Success alerts are visible after each operation (add, edit, archive).
","2784","test_batch_add_change_archive[Priorix-Tetra]","tests","2026-01-30","passed","2026-01-30","","test_vaccines","",""
"
Test: Upload a class list file with the wrong year group and verify error handling.
Steps:
1. Navigate to class list import page for the correct school and year group.
2. Upload a file with an incorrect year group.
Verification:
- Output indicates year group mismatch or error.
","991","test_class_list_file_upload_wrong_year_group","tests","2026-01-30","passed","2026-01-30","","test_import_class_lists","",""
"
Test: Verify that the Accessibility Statement link is present and clickable.
Steps:
1. Navigate to the start page.
2. Click the Accessibility Statement link.
3. Verify the accessibility statement page is displayed.
Verification:
- The Accessibility Statement page is displayed.
","1745","test_accessibility_statement_link","tests","2026-01-30","passed","2026-01-30","","test_start","",""
"
Test: Add, edit, and archive a vaccine batch and verify success alerts.
Steps:
1. Click to add a new batch for the given vaccine.
2. Fill in batch name and expiry date, then confirm.
3. Edit the batch expiry date and confirm.
4. Archive the batch and confirm.
Verification:
- Success alerts are visible after each operation (add, edit, archive).
","2335","test_batch_add_change_archive[Priorix]","tests","2026-01-30","passed","2026-01-30","","test_vaccines","",""
"
Test: Upload a class list file with invalid structure and verify error handling.
Steps:
1. Navigate to class list import page for the correct school and year group.
2. Upload a file with incorrect structure.
Verification:
- Output indicates structural errors.
","820","test_class_list_file_upload_invalid_structure","tests","2026-01-30","passed","2026-01-30","","test_import_class_lists","",""
"
Test: Upload a child list file with only headers and verify no records are imported.
Steps:
1. Navigate to child record import page.
2. Upload a header-only file.
Verification:
- Output indicates no records imported.
","384","test_child_list_file_upload_header_only","tests","2026-01-30","passed","2026-01-30","","test_import_child_lists","",""
"
Test: Upload a valid class list file and verify successful import.
Steps:
1. Navigate to class list import page for the correct school and year group.
2. Read and verify the file specification for class lists.
3. Upload a valid class list file.
Verification:
- Output indicates successful import of records.
Scenarios covered:
AllValidValues, YearGroupOverride, SameYearGroup, EmptyPostCode, EmptyYearGroup,
UnicodeApostrophe1, UnicodeApostrophe2, UnicodeApostrophe3, DuplicateEmail,
PostcodeNFA, PostcodeAddressNotKnown, PostcodeAddressNotSpecified
","4331","test_class_list_file_upload_valid_data","tests","2026-01-30","passed","2026-01-30","","test_import_class_lists","",""
"
Test: Submit an online consent form refusing MMR vaccination and
   verify confirmation.
Steps:
1. Fill in child and parent details on the consent page.
2. Select 'do not agree' to vaccination.
3. Choose refusal reason and provide details.
4. Submit the consent form.
Verification:
- Confirmation text indicates consent was refused for MMR vaccination.
","4203","test_consent_refused_for_mmr_vaccination","tests","2026-01-30","passed","2026-01-30","","test_online_consent_mmr","",""
"
Test: Archive an unmatched consent response and verify it is removed from the list.
Steps:
1. Select a child from the unmatched consent responses.
2. Click the archive button and provide notes.
Verification:
- Archived alert is visible.
- The consent response for the child is no longer visible in the unmatched list.
","1857","test_archive_unmatched_consent_response_removes_from_list","tests","2026-01-30","passed","2026-01-30","","test_consent_responses","",""
"
Test: Upload a vaccination records file with extra whitespace and
   verify normalization.
Steps:
1. Upload a file with whitespace issues.
2. Navigate to children page.
3. Verify the list is normalized and imported correctly.
Verification:
- Imported list matches expected normalized data.
Scenarios covered:
TwoSpaces, Tabs, NBSP (non-breaking space), ZWJ (zero-width joiner)
","3347","test_vaccination_file_upload_whitespace_normalization","tests","2026-01-30","passed","2026-01-30","","test_import_offline_vaccinations","",""
"
Test: Add, edit, and archive a vaccine batch and verify success alerts.
Steps:
1. Click to add a new batch for the given vaccine.
2. Fill in batch name and expiry date, then confirm.
3. Edit the batch expiry date and confirm.
4. Archive the batch and confirm.
Verification:
- Success alerts are visible after each operation (add, edit, archive).
","2412","test_batch_add_change_archive[Nimenrix]","tests","2026-01-30","passed","2026-01-30","","test_vaccines","",""
"
Test: Submit multiple online flu consent forms with different methods and
   verify the correct method is displayed in the session.
Steps:
1. Fill in child and parent details and submit consent with the first method.
2. Submit a second consent for the same child with the
   second method (different parent).
3. Navigate to the session and consent tab.
4. Search for the child and verify the correct consent method is shown.
5. Verify the pattern of consent details text in the offline excel.
Verification:
- The consent method displayed in the session matches the expected method
  from the last consent.
- The consent details in the excel download match the expected pattern.
","24610","test_flu_consent_method_displayed_correctly[consents: (<ConsentOption.NASAL_SPRAY_OR_INJECTION: ''>, <ConsentOption.NASAL_SPRAY_OR_INJECTION: ''>, <ConsentOption.NASAL_SPRAY: 'Nasal spray'>)]","tests","2026-01-30","passed","2026-01-30","","test_online_consent_flu","",""
"
Test: Upload a child list file with invalid structure and verify error handling.
Steps:
1. Navigate to child record import page.
2. Upload a file with incorrect structure.
Verification:
- Output indicates structural errors.
","1106","test_child_list_file_upload_invalid_structure","tests","2026-01-30","passed","2026-01-30","","test_import_child_lists","",""
"
Test: Add, edit, and archive a vaccine batch and verify success alerts.
Steps:
1. Click to add a new batch for the given vaccine.
2. Fill in batch name and expiry date, then confirm.
3. Edit the batch expiry date and confirm.
4. Archive the batch and confirm.
Verification:
- Success alerts are visible after each operation (add, edit, archive).
","2452","test_batch_add_change_archive[MMR VaxPro]","tests","2026-01-30","passed","2026-01-30","","test_vaccines","",""
"
Test: Attempt to add a batch with a name that is too long and verify error message.
Steps:
1. Click to add a new batch for the given vaccine.
2. Enter a batch name with more than 100 characters.
3. Fill in expiry date and confirm.
Verification:
- Error message is shown indicating the batch name must be less than 100 characters.
","633","test_batch_name_too_long[Priorix]","tests","2026-01-30","passed","2026-01-30","","test_vaccines","",""
"
Test: Create a new child record from an unmatched consent response with NHS number.
Steps:
1. Select a child from unmatched consent responses.
2. Click to create a new record and complete the process.
3. Verify the child is removed from unmatched responses.
4. Go to children page and verify activity log for the created child.
Verification:
- Created alert is visible.
- Consent response for the child is no longer visible in unmatched list.
- Activity log for the child shows the creation event.
","4639","test_create_child_record_from_consent_with_nhs_number","tests","2026-01-30","passed","2026-01-30","","test_consent_responses","",""
"
Test: Record a paper refusal and verify the consent refused checkbox is checked.
Steps:
1. Open a session with a fixed child.
2. Review a child with no response and record a paper refusal.
3. Go to the overview tab and review consent refused.
Verification:
- Consent refused checkbox is checked for the child.
","7932","test_consent_filters","tests","2026-01-30","passed","2026-01-30","","test_sessions","",""
"
Test: Verify the search functionality within a session.
Steps:
1. Open a session with a child.
2. Use the search feature to look for the child by name and NHS number
3. Use the search features with the year group filter
Verification:
- Search returns expected results for the session.
","2727","test_session_search_functionality","tests","2026-01-30","passed","2026-01-30","","test_sessions","",""
"
Test: Upload a SystmOne historic vaccination records file with invalid data and
   verify error handling.
Steps:
1. Navigate to vaccination records import page.
2. Upload a SystmOne historic file with invalid data.
Verification:
- Output lists errors as expected for each record
Scenarios covered:
EmptyDoB, InvalidDoB, LongerNHSNo, ShorterNHSNo, InvalidVaccsType, InvalidVaccsDose,
InvalidVaccsType, EmptyFirstName, EmptyPostcode, InvalidPostcode, EmptySex,
InvalidSex, EmptyLastName, EmptyEventDate, InvalidEventDate, FutureEventDate,
PastEventDate, InvalidEventTime, InvalidSchoolURN
","1062","test_vaccination_file_upload_systmone_historic_invalid_data","tests","2026-01-30","passed","2026-01-30","","test_import_systmone_nivs","",""
"
Test: Upload a child list file with extra whitespace and verify normalization.
Steps:
1. Upload a file with whitespace issues.
2. Navigate to children page.
3. Verify the list is normalized and imported correctly.
Verification:
- Imported list matches expected normalized data.
","3965","test_child_list_file_upload_whitespace_normalization","tests","2026-01-30","passed","2026-01-30","","test_import_child_lists","",""
"
Test: Schedule a school session where no dates are initially available.
Steps:
1. Navigate to the schools page.
2. Attempt to schedule a session for a school with no available dates.
3. Verify that the session is scheduled successfully.
Verification:
- The session appears in the schools sessions list as Unscheduled
","4135","test_schools_schedule_session_with_no_dates","tests","2026-01-30","passed","2026-01-30","","test_schools","",""
"
Test: Submit an online consent form giving consent for MMR vaccination and
   verify confirmation.
Steps:
1. Fill in child and parent details on the consent page, optionally changing school.
2. Agree to MMR vaccination.
3. Fill in address details.
4. Answer the required number of health questions, optionally marking one as 'yes'.
5. Submit the consent form.
Verification:
- Confirmation message is shown for the correct child, vaccine, and
  health question status.
","9925","test_consent_given_for_mmr_vaccination[consent_option: Either-yes_to_health_questions: True]","tests","2026-01-30","passed","2026-01-30","","test_online_consent_mmr","",""
"
Test: Attempt to add a batch with a name that is too long and verify error message.
Steps:
1. Click to add a new batch for the given vaccine.
2. Enter a batch name with more than 100 characters.
3. Fill in expiry date and confirm.
Verification:
- Error message is shown indicating the batch name must be less than 100 characters.
","628","test_batch_name_too_long[Nimenrix]","tests","2026-01-30","passed","2026-01-30","","test_vaccines","",""
"
Test: Merging two child records does not cause a crash (MAV-1839).
Steps:
1. Setup: Import a class list with two fixed children and navigate to the
   children page.
2. Search for the first child by name.
3. Open the first child's record and start the archive (merge) process.
4. Select the second child as the duplicate.
5. Complete the archive/merge.
Verification:
- An alert appears with the message ""This record has been archived""
","1759","test_merge_child_records_does_not_crash","tests","2026-01-30","passed","2026-01-30","","test_children","",""
"
Test: Schedule a school session with a date.
Steps:
1. Navigate to the schools page.
2. Attempt to schedule a session for a school with a dates.
3. Verify that the session is scheduled successfully.
Verification:
- The session appears in the schools sessions list as Scheduled
","4809","test_schools_schedule_session_with_date","tests","2026-01-30","passed","2026-01-30","","test_schools","",""
"
Test: Attempt to add a batch with a name that is too long and verify error message.
Steps:
1. Click to add a new batch for the given vaccine.
2. Enter a batch name with more than 100 characters.
3. Fill in expiry date and confirm.
Verification:
- Error message is shown indicating the batch name must be less than 100 characters.
","574","test_batch_name_too_long[Cell-based Trivalent Influenza Vaccine Seqirus]","tests","2026-01-30","passed","2026-01-30","","test_vaccines","",""
"
Test: Submit an online consent form giving consent for flu vaccination
   (nasal spray, injection, or both) and verify confirmation.
Steps:
1. Fill in child and parent details on the consent page.
2. Agree to flu vaccination, selecting the consent option
   (nasal spray, injection, or both).
3. Fill in address details.
4. Answer the required number of health questions, optionally marking one as 'yes'.
5. Submit the consent form.
Verification:
- Confirmation message is shown for the correct child, consent option,
  and health question status.
","6298","test_consent_given_for_flu_vaccination[yes_to_health_questions: False-consent_option: Injection]","tests","2026-01-30","passed","2026-01-30","","test_online_consent_flu","",""
"
Test: Upload a vaccination file with community clinic name case variations and
   verify correct handling.
Steps:
1. Upload a file with clinic name case variations.
Verification:
- Output indicates clinic names are handled case-insensitively and
   imported correctly.
","862","test_vaccination_file_upload_community_clinic_name_case","tests","2026-01-30","passed","2026-01-30","","test_import_offline_vaccinations","",""
"
Test: Confirm and ignore school moves for two children and
   verify the correct alerts.
Steps:
1. Setup: Schedule sessions for two schools, upload class lists for both,
   and trigger school moves.
2. Go to the school moves page and locate rows for both children.
3. For the first child, confirm the school move and verify the confirmation alert.
4. For the second child, ignore the school move and verify the ignored alert.
Verification:
- The correct confirmation and ignored alerts are shown for each child.
- The school moves table contains the expected text for both children.
","1936","test_confirm_and_ignore","tests","2026-01-30","passed","2026-01-30","","test_school_moves","",""
"
Test: Record verbal consent and triage outcome for a child in a session.
Steps:
1. Schedule session and import class list.
2. Record verbal consent for the child.
3. Update triage outcome to 'safe to vaccinate'.
Verification:
- Triage outcome is updated and reflected for the child.
","12419","test_triage_consent_given_and_triage_outcome","tests","2026-01-30","passed","2026-01-30","","test_sessions","",""
"
Test: End-to-end test for recording a flu vaccination for a child.
Steps:
1. Setup: Log in as nurse, create session, import class list, and get batch name.
2. Go to online consent URL and fill in child and parent details.
3. Agree to flu vaccination, fill address, answer health questions, and confirm.
4. Log in as nurse, navigate to session, set session in progress,
   register child as attending.
5. Record flu vaccination for the child.
Verification:
- Final consent message is shown after online consent.
- Vaccination is recorded for the child in the session.
","20045","test_recording_flu_vaccination_e2e[consent_option: Injection]","tests","2026-01-30","passed","2026-01-30","","test_e2e_flu","",""
"
Test: Attempt to add a batch with a name that is too long and verify error message.
Steps:
1. Click to add a new batch for the given vaccine.
2. Enter a batch name with more than 100 characters.
3. Fill in expiry date and confirm.
Verification:
- Error message is shown indicating the batch name must be less than 100 characters.
","661","test_batch_name_too_long[Menveo]","tests","2026-01-30","passed","2026-01-30","","test_vaccines","",""
"
Test: Match an unmatched consent response to a child and verify activity log.
Steps:
1. Import a fixed child class list for the current year.
2. Navigate to unmatched consent responses and select a child.
3. Click match and complete the matching process.
4. Verify the child is removed from unmatched responses.
5. Go to children page and verify activity log for the matched child.
Verification:
- Matched alert is visible.
- Consent response for the child is no longer visible in unmatched list.
- Activity log for the child shows the match event.
","8539","test_match_unmatched_consent_response_and_verify_activity_log","tests","2026-01-30","passed","2026-01-30","","test_consent_responses","",""
"
Test: Attempt to add a batch with a name that is too long and verify error message.
Steps:
1. Click to add a new batch for the given vaccine.
2. Enter a batch name with more than 100 characters.
3. Fill in expiry date and confirm.
Verification:
- Error message is shown indicating the batch name must be less than 100 characters.
","556","test_batch_name_too_long[Gardasil 9]","tests","2026-01-30","passed","2026-01-30","","test_vaccines","",""
"
Test: End-to-end test for recording a second MMR vaccination for a child with a
previously imported dose 1.
Steps:
1. Import a historical vaccination file containing MMR dose 1 for the child.
2. Setup: Log in as nurse, create session, create batch and import child again.
3. Go to online consent URL and fill in child and parent details.
4. Consent to MMR vaccination, fill address, answer health questions, and confirm.
5. Log in as nurse, navigate to session, set session in progress,
   register child as attending, triage (set as safe to vaccinate).
6. Record MMR vaccination for the child (dose 2).
Verification:
- Final consent message is shown after online consent.
- Vaccination is recorded for the child in the session.
","33524","test_recording_mmr_vaccination_e2e_with_imported_dose_one","tests","2026-01-30","passed","2026-01-30","","test_e2e_mmr","",""
"
Test: Submit online flu consent for a new child and
change schools.
Steps:
1. Fill in child and parent details and change schools.
2. Verify the school move is created in Mavis and confirm it.
3. Navigate to the session at the new school and go to consent tab.
4. Search for the child and verify the correct consent appears.
Verification:
- The consent method displayed in the session matches the expected method.
","18097","test_online_consent_school_moves_with_new_patient","tests","2026-01-30","passed","2026-01-30","","test_online_consent_school_moves","",""
"
Test: Upload a class list file with extra whitespace and verify normalization.
Steps:
1. Upload a file with whitespace issues.
2. Navigate to children page.
3. Verify the list is normalized and imported correctly.
Verification:
- Imported list matches expected normalized data.
","5999","test_class_list_file_upload_whitespace_normalization","tests","2026-01-30","passed","2026-01-30","","test_import_class_lists","",""
"
Test: Changing a child's NHS number to an invalid value should fail.
Steps:
1. Setup: Import a fixed child class list and navigate to the children page.
2. Search for the child by name.
3. Open the child's record and edit it.
4. Attempt to change the NHS number to an invalid value (""9123456789"").
5. Continue to submit the change.
Verification:
- An alert appears with the message ""Enter a valid NHS number"".
","1478","test_invalid_nhs_number_change_is_rejected","tests","2026-01-30","passed","2026-01-30","","test_children","",""
"
Test: PSDS can be bulk added for children in a session.
Steps:
1. Import two children into a session.
2. Record online consent for the two children.
3. Add PSDs in the session to all eligible children.
Verification:
- The PSDs appear for each child.
","27651","test_bulk_adding_psd","tests","2026-01-30","passed","2026-01-30","","test_psd","",""
"
Test: Archive a child via cohort upload and then unarchive by re-uploading.
Steps:
1. Import a fixed child cohort file.
2. Archive the child from the children page.
3. Re-import the same cohort file.
4. Verify the child is unarchived.
Verification:
- Child is archived after first import and unarchived after second import.
","6908","test_archive_and_unarchive_child_via_cohort_upload","tests","2026-01-30","passed","2026-01-30","","test_children","",""
"
Test: Create a new child record from an unmatched consent response
   without NHS number.
Steps:
1. Select a child from unmatched consent responses.
2. Click to create a new record and complete the process.
3. Verify the child is removed from unmatched responses.
4. Go to children page and verify activity log for the created child.
Verification:
- Created alert is visible.
- Consent response for the child is no longer visible in unmatched list.
- Activity log for the child shows the creation event.
","3726","test_create_child_record_from_consent_without_nhs_number","tests","2026-01-30","passed","2026-01-30","","test_consent_responses","",""
"
Test: Submit an online consent form giving consent for flu vaccination
   (nasal spray, injection, or both) and verify confirmation.
Steps:
1. Fill in child and parent details on the consent page.
2. Agree to flu vaccination, selecting the consent option
   (nasal spray, injection, or both).
3. Fill in address details.
4. Answer the required number of health questions, optionally marking one as 'yes'.
5. Submit the consent form.
Verification:
- Confirmation message is shown for the correct child, consent option,
  and health question status.
","10392","test_consent_given_for_flu_vaccination[yes_to_health_questions: True-consent_option: Nasal spray]","tests","2026-01-30","passed","2026-01-30","","test_online_consent_flu","",""
"
Test: Submit an online consent form giving consent for one or both
   doubles vaccinations and verify confirmation.
Steps:
1. Fill in child and parent details on the consent page, optionally changing school.
2. Agree to one or both doubles vaccinations as specified by parameter.
3. Fill in address details.
4. Answer the required number of health questions, optionally marking one as 'yes'.
5. If not both vaccines, select a reason for not giving consent to the other.
6. Submit the consent form.
Verification:
- Confirmation message is shown for the correct child, vaccines,
   and health question status.
","7023","test_consent_given_for_doubles_vaccination[yes_to_health_questions: True-programmes: [<Programme.MENACWY: 'MenACWY'>]]","tests","2026-01-30","passed","2026-01-30","","test_online_consent_doubles","",""
"
Test: Verify a vaccination can be recorded after providing nurse consent for flu
Steps:
1. Setup: Schedule sessions for doubles at a school and
   import a fixed child class list.
2. Navigate to the session and register the child as attending.
3. Record verbal consent for the child.
4. Record both vaccinations for the child with a long notes field.
Verification:
- Vaccinations can be recorded
- Providing long notes gives an error
","13824","test_e2e_nurse_consent_flu[consent_option: Injection]","tests","2026-01-30","passed","2026-01-30","","test_e2e_nurse_consent_flu","",""
"
Test: Add multiple notes to a session and verify their order in the activity log.
Steps:
1. Open a session with a fixed child.
2. Add two notes in sequence.
3. Refresh and search for the child in the session.
4. Verify the most recent note appears first in the list.
Verification:
- Notes appear in reverse chronological order in the activity log.
","7099","test_session_activity_notes_order","tests","2026-01-30","passed","2026-01-30","","test_sessions","",""
"
Test: Submit an online consent form refusing flu vaccination and
   verify confirmation.
Steps:
1. Fill in child and parent details on the consent page.
2. Select 'do not agree' to vaccination.
3. Choose refusal reason and provide details.
4. Submit the consent form.
Verification:
- Confirmation text indicates consent was refused for flu vaccination.
","4067","test_consent_refused_for_flu_vaccination","tests","2026-01-30","passed","2026-01-30","","test_online_consent_flu","",""
"
Test: Submit online flu consent for an existing child and
change schools.
Steps:
1. Fill in child and parent details and change schools.
2. Verify the school move is created in Mavis and confirm it.
3. Navigate to the session at the new school and go to consent tab.
4. Search for the child and verify the correct consent appears.
Verification:
- The consent method displayed in the session matches the expected method.
","18548","test_online_consent_school_moves_with_existing_patient","tests","2026-01-30","passed","2026-01-30","","test_online_consent_school_moves","",""
"
Test: Verify that tallying totals match the number of eligible patients.
Steps:
1. Navigate to a session with eligible patients for the given programme.
2. Compare the sum of the tally boxes with the count of eligible patients.
Verification:
- Sum of tally totals should equal the number of eligible children shown
  on the children tab.
","9797","test_tallying_totals_match_eligible_patients[Programme: MenACWY]","tests","2026-01-30","passed","2026-01-30","","test_tallying","",""
"
Test: Upload a class list file with only headers and verify no
   records are imported.
Steps:
1. Navigate to class list import page for the correct school and year group.
2. Upload a header-only file.
Verification:
- Output indicates no records imported.
","368","test_class_list_file_upload_header_only","tests","2026-01-30","passed","2026-01-30","","test_import_class_lists","",""
"
Test: Submit an online consent form giving consent for one or both
   doubles vaccinations and verify confirmation.
Steps:
1. Fill in child and parent details on the consent page, optionally changing school.
2. Agree to one or both doubles vaccinations as specified by parameter.
3. Fill in address details.
4. Answer the required number of health questions, optionally marking one as 'yes'.
5. If not both vaccines, select a reason for not giving consent to the other.
6. Submit the consent form.
Verification:
- Confirmation message is shown for the correct child, vaccines,
   and health question status.
","7289","test_consent_given_for_doubles_vaccination[yes_to_health_questions: False-programmes: [<Programme.MENACWY: 'MenACWY'>]]","tests","2026-01-30","passed","2026-01-30","","test_online_consent_doubles","",""
"
Test: Verify that the start page heading and start link are visible.
Steps:
1. Navigate to the start page.
2. Check that the heading is visible.
3. Check that the start link is visible.
Verification:
- Both the heading and start link are present and visible on the page.
","1597","test_start_page_elements_visible","tests","2026-01-30","passed","2026-01-30","","test_start","",""
"
Test: Verify attendance filters on the register tab work as expected.
Steps:
1. Open the children tab in a session.
2. Check and uncheck year group checkboxes and update results.
3. Use advanced filters to include archived records.
Verification:
- Search summary updates correctly as filters are applied and removed.
","1743","test_attendance_filters_functionality","tests","2026-01-30","passed","2026-01-30","","test_sessions","",""
"
Test: Submit multiple online flu consent forms with different methods and
   verify the correct method is displayed in the session.
Steps:
1. Fill in child and parent details and submit consent with the first method.
2. Submit a second consent for the same child with the
   second method (different parent).
3. Navigate to the session and consent tab.
4. Search for the child and verify the correct consent method is shown.
5. Verify the pattern of consent details text in the offline excel.
Verification:
- The consent method displayed in the session matches the expected method
  from the last consent.
- The consent details in the excel download match the expected pattern.
","21807","test_flu_consent_method_displayed_correctly[consents: (<ConsentOption.NASAL_SPRAY_OR_INJECTION: ''>, <ConsentOption.INJECTION: 'Injection'>, <ConsentOption.INJECTION: 'Injection'>)]","tests","2026-01-30","passed","2026-01-30","","test_online_consent_flu","",""
"
Test: Submit an online consent form giving consent for flu vaccination
   (nasal spray, injection, or both) and verify confirmation.
Steps:
1. Fill in child and parent details on the consent page.
2. Agree to flu vaccination, selecting the consent option
   (nasal spray, injection, or both).
3. Fill in address details.
4. Answer the required number of health questions, optionally marking one as 'yes'.
5. Submit the consent form.
Verification:
- Confirmation message is shown for the correct child, consent option,
  and health question status.
","9294","test_consent_given_for_flu_vaccination[yes_to_health_questions: False-consent_option: Nasal spray]","tests","2026-01-30","passed","2026-01-30","","test_online_consent_flu","",""
"
Test: Upload an empty child list file and verify error handling.
Steps:
1. Navigate to child record import page.
2. Upload an empty file.
Verification:
- Output indicates error or no records imported.
","355","test_child_list_file_upload_empty_file","tests","2026-01-30","passed","2026-01-30","","test_import_child_lists","",""
"
Test: Submit an online consent form giving consent for MMR vaccination and
   verify confirmation.
Steps:
1. Fill in child and parent details on the consent page, optionally changing school.
2. Agree to MMR vaccination.
3. Fill in address details.
4. Answer the required number of health questions, optionally marking one as 'yes'.
5. Submit the consent form.
Verification:
- Confirmation message is shown for the correct child, vaccine, and
  health question status.
","9904","test_consent_given_for_mmr_vaccination[consent_option: Either-yes_to_health_questions: False]","tests","2026-01-30","passed","2026-01-30","","test_online_consent_mmr","",""
"
Test: Add, edit, and archive a vaccine batch and verify success alerts.
Steps:
1. Click to add a new batch for the given vaccine.
2. Fill in batch name and expiry date, then confirm.
3. Edit the batch expiry date and confirm.
4. Archive the batch and confirm.
Verification:
- Success alerts are visible after each operation (add, edit, archive).
","2237","test_batch_add_change_archive[Fluenz]","tests","2026-01-30","passed","2026-01-30","","test_vaccines","",""
"
Test: Edit the programmes of an existing session and verify changes.
Steps:
1. Open a session with a fixed child.
2. Edit the session to change its programmes.
3. Save changes and verify the updated programmes are reflected.
4. Verify the Flu tab appears for a child in the session.
Verification:
- Session programmes are updated correctly without errors.
","4483","test_editing_session_programmes","tests","2026-01-30","passed","2026-01-30","","test_sessions","",""
"
Test: Attempt to add a batch with a name that is too long and verify error message.
Steps:
1. Click to add a new batch for the given vaccine.
2. Enter a batch name with more than 100 characters.
3. Fill in expiry date and confirm.
Verification:
- Error message is shown indicating the batch name must be less than 100 characters.
","594","test_batch_name_too_long[MMR VaxPro]","tests","2026-01-30","passed","2026-01-30","","test_vaccines","",""
"
Test: Submit an online consent form giving consent for MMR vaccination and
   verify confirmation.
Steps:
1. Fill in child and parent details on the consent page, optionally changing school.
2. Agree to MMR vaccination.
3. Fill in address details.
4. Answer the required number of health questions, optionally marking one as 'yes'.
5. Submit the consent form.
Verification:
- Confirmation message is shown for the correct child, vaccine, and
  health question status.
","9147","test_consent_given_for_mmr_vaccination[consent_option: Without gelatine-yes_to_health_questions: True]","tests","2026-01-30","passed","2026-01-30","","test_online_consent_mmr","",""
"
Test: Upload a valid child list file and verify successful import.
Steps:
1. Navigate to child record import page.
2. Read and verify the import format details for child records.
3. Upload a valid child list file.
Verification:
- Output indicates successful import of records.
Scenarios covered:
AllValidValues, Homeschooled, UnknownSchool, YearGroupEmpty, UnicodeApostrophe1,
UnicodeApostrophe2, UnicodeApostrophe3, DuplicateEmail, PostcodeNFA,
PostcodeAddressNotKnown, PostcodeAddressNotSpecified
","4205","test_child_list_file_upload_valid_data","tests","2026-01-30","passed","2026-01-30","","test_import_child_lists","",""
"
Test: Upload a historic vaccination records file with valid data and verify import.
Steps:
1. Navigate to vaccination records import page.
2. Upload a historic file with valid data.
Verification:
- Output indicates successful import of historic records.
Scenarios covered:
HPV:
HPV_Gardasil9, HPV_Gardasil, HPV_Cervarix, HPV_NFA, HPV_Add_Not_Known,
HPV_AllowPastExpiryDate, HPV_SiteRAU, HPV_SiteRAL, HPV_NotVaccinated,
HPV_AddressNFA, HPV_AddressNotKnown, HPV_AddressNotSpecified
Doubles:
TDIPV_Revaxis, TDIPV_NFA, TDIPV_Add_Not_Known, TDIPV_AllowPastExpiryDate,
TDIPV_SiteRAU, TDIPV_SiteRAL, TDIPV_NotVaccinated, MenACWY_MenQuadfi, MenACWY_NFA,
MenACWY_Add_Not_Known, MenACWY_AllowPastExpiryDate, MenACWY_SiteRAU,MenACWY_SiteRAL,
MenACWY_NotVaccinated, MAV_855, MenACWY_BatchName100Chars,
MMR:
MMR, MMR_NFA, MMR_Add_Not_Known, MMR_AllowPastExpiryDate, MMR_SiteRAU, MMR_SiteRAL,
MMR_NotVaccinated, MMR_DoseSeq1, MMR_DoseSeq2
","7890","test_vaccination_file_upload_historic_valid_data","tests","2026-01-30","failed","2026-01-30","","test_import_historical_vaccinations","",""
"
Test: Add, edit, and archive a vaccine batch and verify success alerts.
Steps:
1. Click to add a new batch for the given vaccine.
2. Fill in batch name and expiry date, then confirm.
3. Edit the batch expiry date and confirm.
4. Archive the batch and confirm.
Verification:
- Success alerts are visible after each operation (add, edit, archive).
","2285","test_batch_add_change_archive[Gardasil 9]","tests","2026-01-30","passed","2026-01-30","","test_vaccines","",""
"
Test: Verify that tallying totals match the number of eligible patients.
Steps:
1. Navigate to a session with eligible patients for the given programme.
2. Compare the sum of the tally boxes with the count of eligible patients.
Verification:
- Sum of tally totals should equal the number of eligible children shown
  on the children tab.
","11112","test_tallying_totals_match_eligible_patients[Programme: flu]","tests","2026-01-30","passed","2026-01-30","","test_tallying","",""
"
Test: Verify that the Service Guidance link is present and clickable.
Steps:
1. Navigate to the start page.
2. Click the Service Guidance link.
3. Verify the service guidance page is displayed in a new tab.
Verification:
- The Service Guidance page is displayed in a new tab.
","1999","test_service_guidance_link","tests","2026-01-30","passed","2026-01-30","","test_start","",""
"
Test: Submit an online consent form giving consent for one or both
   doubles vaccinations and verify confirmation.
Steps:
1. Fill in child and parent details on the consent page, optionally changing school.
2. Agree to one or both doubles vaccinations as specified by parameter.
3. Fill in address details.
4. Answer the required number of health questions, optionally marking one as 'yes'.
5. If not both vaccines, select a reason for not giving consent to the other.
6. Submit the consent form.
Verification:
- Confirmation message is shown for the correct child, vaccines,
   and health question status.
","7319","test_consent_given_for_doubles_vaccination[yes_to_health_questions: False-programmes: [<Programme.MENACWY: 'MenACWY'>, <Programme.TD_IPV: 'Td/IPV'>]]","tests","2026-01-30","passed","2026-01-30","","test_online_consent_doubles","",""
"
Test: Add, edit, and archive a vaccine batch and verify success alerts.
Steps:
1. Click to add a new batch for the given vaccine.
2. Fill in batch name and expiry date, then confirm.
3. Edit the batch expiry date and confirm.
4. Archive the batch and confirm.
Verification:
- Success alerts are visible after each operation (add, edit, archive).
","2287","test_batch_add_change_archive[Revaxis]","tests","2026-01-30","passed","2026-01-30","","test_vaccines","",""
"
Test: Record conflicting consents from parents, resolve with Gillick competence,
   and verify status.
Steps:
1. Open the session and consent tab for the child.
2. Record a verbal positive consent for parent 1.
3. Record a verbal refusal for parent 2, resulting in conflicting consent.
4. Assess Gillick competence as competent.
5. Record child verbal consent.
6. Verify consent status and activity log.
Verification:
- Consent status updates to 'Conflicting consent', then 'Safe to vaccinate',
  then 'Consent given'.
- Activity log contains entry for Gillick competent child consent.
","21269","test_conflicting_consent_with_gillick_consent","tests","2026-01-30","passed","2026-01-30","","test_nurse_consent","",""
"
Test: Validate Gillick competence assessment notes length and update.
Steps:
1. Open the session for the school and programme.
2. Navigate to Gillick competence assessment for the child.
3. Attempt to complete assessment with notes over 1000 characters (should error).
4. Complete assessment with valid notes.
5. Edit assessment and again try to update with notes over 1000
   characters (should error).
Verification:
- Error is shown for notes over 1000 characters.
- Assessment can be completed and updated with valid notes.
","3662","test_gillick_competence_notes","tests","2026-01-30","passed","2026-01-30","","test_nurse_consent","",""
"
Test: Add, edit, and archive a vaccine batch and verify success alerts.
Steps:
1. Click to add a new batch for the given vaccine.
2. Fill in batch name and expiry date, then confirm.
3. Edit the batch expiry date and confirm.
4. Archive the batch and confirm.
Verification:
- Success alerts are visible after each operation (add, edit, archive).
","2338","test_batch_add_change_archive[ProQuad]","tests","2026-01-30","passed","2026-01-30","","test_vaccines","",""
"
Test: Add, edit, and archive a vaccine batch and verify success alerts.
Steps:
1. Click to add a new batch for the given vaccine.
2. Fill in batch name and expiry date, then confirm.
3. Edit the batch expiry date and confirm.
4. Archive the batch and confirm.
Verification:
- Success alerts are visible after each operation (add, edit, archive).
","2200","test_batch_add_change_archive[Menveo]","tests","2026-01-30","passed","2026-01-30","","test_vaccines","",""
"
Test: Submit an online consent form giving consent for one or both
   doubles vaccinations and verify confirmation.
Steps:
1. Fill in child and parent details on the consent page, optionally changing school.
2. Agree to one or both doubles vaccinations as specified by parameter.
3. Fill in address details.
4. Answer the required number of health questions, optionally marking one as 'yes'.
5. If not both vaccines, select a reason for not giving consent to the other.
6. Submit the consent form.
Verification:
- Confirmation message is shown for the correct child, vaccines,
   and health question status.
","6835","test_consent_given_for_doubles_vaccination[yes_to_health_questions: True-programmes: [<Programme.TD_IPV: 'Td/IPV'>]]","tests","2026-01-30","passed","2026-01-30","","test_online_consent_doubles","",""
"
Test: Log in with valid credentials for each user role and verify dashboard links
   and team information.
Steps:
1. Navigate to the log in page (autouse fixture).
2. Log in as the specified user role and select team if necessary.
3. Verify that all expected dashboard links are visible.
4. Verify that team information is visible in Team page.
5. Log out.
Verification:
- Log out button and all dashboard navigation links are visible after login.
- Team name and email are visible in the Team page.
","1564","test_login_with_valid_credentials[role: medical_secretary]","tests","2026-01-30","passed","2026-01-30","","test_log_in","",""
"
Test: A PSD can be created for a child and the vaccination can be
   administered by a healthcare assistant.
Steps:
1. Import child records and set up a session with PSD enabled.
2. Record verbal consent with PSD option for the child.
3. Verify the PSD is created.
4. Log in as a healthcare assistant and administer the vaccination.
Verification:
- The PSD is correctly created and the vaccination is recorded without errors.
","22409","test_delivering_vaccination_after_psd","tests","2026-01-30","passed","2026-01-30","","test_psd","",""
"
Test: Submit an online consent form giving consent for one or both
   doubles vaccinations and verify confirmation.
Steps:
1. Fill in child and parent details on the consent page, optionally changing school.
2. Agree to one or both doubles vaccinations as specified by parameter.
3. Fill in address details.
4. Answer the required number of health questions, optionally marking one as 'yes'.
5. If not both vaccines, select a reason for not giving consent to the other.
6. Submit the consent form.
Verification:
- Confirmation message is shown for the correct child, vaccines,
   and health question status.
","7003","test_consent_given_for_doubles_vaccination[yes_to_health_questions: False-programmes: [<Programme.TD_IPV: 'Td/IPV'>]]","tests","2026-01-30","passed","2026-01-30","","test_online_consent_doubles","",""
"
Test: Upload a NIVS historic flu vaccination file for previous years and verify
   it is disallowed.
Steps:
1. Upload a historic flu file for previous years.
Verification:
- Output indicates flu vaccinations for previous years are not allowed.
","1021","test_vaccination_file_upload_nivs_disallow_flu_for_previous_years","tests","2026-01-30","passed","2026-01-30","","test_import_systmone_nivs","",""
"
Test: Submit multiple online flu consent forms with different methods and
   verify the correct method is displayed in the session.
Steps:
1. Fill in child and parent details and submit consent with the first method.
2. Submit a second consent for the same child with the
   second method (different parent).
3. Navigate to the session and consent tab.
4. Search for the child and verify the correct consent method is shown.
5. Verify the pattern of consent details text in the offline excel.
Verification:
- The consent method displayed in the session matches the expected method
  from the last consent.
- The consent details in the excel download match the expected pattern.
","17011","test_flu_consent_method_displayed_correctly[consents: (<ConsentOption.INJECTION: 'Injection'>, <ConsentOption.INJECTION: 'Injection'>, <ConsentOption.INJECTION: 'Injection'>)]","tests","2026-01-30","passed","2026-01-30","","test_online_consent_flu","",""
"
Test: Verify that the user can add a new school site to the team.
Steps:
1. Navigate to the team page.
2. Click on the 'Schools' link.
3. Click on the 'Add new school site' button.
4. Select the school from the dropdown.
5. Fill in the school site details.
6. Confirm the details are correct.
Verification:
- The dropdown only shows schools associated with the team.
- The new school site form is pre-filled with the school's address,
  but not the name.
- Name of the site must be different from original school name and cannot be blank.
- Address of the site can be edited.
- The confirm screen shows the correct name and address details.
- The new school site is listed on the Schools page.
- The URNs of the new and original schools are updated with site identifiers.
","3956","test_team_page_add_school_site","tests","2026-01-30","passed","2026-01-30","","test_team","",""
"
Test: Add and edit Gillick competence assessment for a child.
Steps:
1. Open the session for the school and programme.
2. Navigate to Gillick competence assessment for the child.
3. Add a Gillick competence assessment as competent.
4. Edit the assessment to mark as not competent.
Verification:
- Gillick competence status is updated and reflected for the child.
","8011","test_gillick_competence","tests","2026-01-30","passed","2026-01-30","","test_nurse_consent","",""
"
Test: Log in with valid credentials for each user role and verify dashboard links
   and team information.
Steps:
1. Navigate to the log in page (autouse fixture).
2. Log in as the specified user role and select team if necessary.
3. Verify that all expected dashboard links are visible.
4. Verify that team information is visible in Team page.
5. Log out.
Verification:
- Log out button and all dashboard navigation links are visible after login.
- Team name and email are visible in the Team page.
","1564","test_login_with_valid_credentials[role: nurse]","tests","2026-01-30","passed","2026-01-30","","test_log_in","",""
"
Test: Submit an online consent form giving consent for MMR vaccination and
   verify confirmation.
Steps:
1. Fill in child and parent details on the consent page, optionally changing school.
2. Agree to MMR vaccination.
3. Fill in address details.
4. Answer the required number of health questions, optionally marking one as 'yes'.
5. Submit the consent form.
Verification:
- Confirmation message is shown for the correct child, vaccine, and
  health question status.
","8984","test_consent_given_for_mmr_vaccination[consent_option: Without gelatine-yes_to_health_questions: False]","tests","2026-01-30","passed","2026-01-30","","test_online_consent_mmr","",""
"
Test: Submit an online consent form refusing HPV vaccination and
   verify confirmation.
Steps:
1. Fill in child and parent details on the consent page.
2. Select 'do not agree' to vaccination.
3. Choose refusal reason and provide details.
4. Submit the consent form.
Verification:
- Confirmation text indicates consent was refused for HPV vaccination.
","4008","test_consent_refused_for_hpv_vaccination","tests","2026-01-30","passed","2026-01-30","","test_online_consent_hpv","",""
"
Test: Upload a valid vaccination records file and verify successful import.
Steps:
1. Navigate to vaccination records import page.
2. Read and verify the file specification for vaccination records.
3. Upload a valid vaccination file.
Verification:
- Output indicates successful import of records.
Scenarios covered:
HPV:
HPV_Optional, HPV_Gardasil9, HPV_Gardasil, HPV_Cervarix, HPV_NFA, HPV_Add_Not_Known,
HPV_AllowPastExpiryDate, HPV_SiteRAU, HPV_SiteRAL, HPV_NotVaccinated,
HPV_AddressNFA, HPV_AddressNotKnown, HPV_AddressNotSpecified
Doubles:
TDIPV_Optional, TDIPV_NFA, TDIPV_Add_Not_Known, TDIPV_AllowPastExpiryDate,
TDIPV_SiteRAU, TDIPV_SiteRAL, TDIPV_NotVaccinated, MenACWY_Optional, MenACWY_NFA,
MenACWY_Add_Not_Known, MenACWY_AllowPastExpiryDate, MenACWY_SiteRAU,MenACWY_SiteRAL,
MenACWY_NotVaccinated, MenACWY_BatchName100Chars,
Flu:
Flu_Optional, Flu_NFA,
Flu_Add_Not_Known, Flu_AllowPastExpiryDate, Flu_SiteRAU, Flu_SiteRAL,
Flu_NotVaccinated, Flu_BatchName100Chars,
MMR:
MMR_Optional, MMR_NFA, MMR_Add_Not_Known,
MMR_AllowPastExpiryDate, MMR_SiteRAU, MMR_SiteRAL, MMR_NotVaccinated,
MMR_BatchName100Chars, MMR_DoseSeq1WithoutSess, MMR_DoseSeq2WithoutSess,
MMR_UnknownDoseSeq, MMRNoDelayDose1, MMRNoDelayDose2, MMR_NoDelayDoseUnknown
","6118","test_vaccination_file_upload_valid_data","tests","2026-01-30","passed","2026-01-30","","test_import_offline_vaccinations","",""
"
Test: Attempt to add a batch with a name that is too short and verify error message.
Steps:
1. Click to add a new batch for the given vaccine.
2. Enter a batch name with only one character.
3. Fill in expiry date and confirm.
Verification:
- Error message is shown indicating the batch name must be more than 2 characters.
","644","test_batch_name_too_short[Fluenz]","tests","2026-01-30","passed","2026-01-30","","test_vaccines","",""
"
Test: Submit an online consent form giving consent for one or both
   doubles vaccinations and verify confirmation.
Steps:
1. Fill in child and parent details on the consent page, optionally changing school.
2. Agree to one or both doubles vaccinations as specified by parameter.
3. Fill in address details.
4. Answer the required number of health questions, optionally marking one as 'yes'.
5. If not both vaccines, select a reason for not giving consent to the other.
6. Submit the consent form.
Verification:
- Confirmation message is shown for the correct child, vaccines,
   and health question status.
","7056","test_consent_given_for_doubles_vaccination[yes_to_health_questions: True-programmes: [<Programme.MENACWY: 'MenACWY'>, <Programme.TD_IPV: 'Td/IPV'>]]","tests","2026-01-30","passed","2026-01-30","","test_online_consent_doubles","",""
"
Test: Verify the log out page functionality.
Steps:
1. Navigate to the log in page (autouse fixture).
2. Log in as a nurse and choose team if necessary.
3. Navigate to the log out page.
4. Verify the log out page is displayed correctly.
5. Click the log out button and verify redirection to the start page.
Verification:
- Log out page is displayed with the correct heading.
- After logging out, the start page link is visible.
","2120","test_logout_page","tests","2026-01-30","passed","2026-01-30","","test_log_in","",""
"
Test: Attempt to add a batch with a name that is too short and verify error message.
Steps:
1. Click to add a new batch for the given vaccine.
2. Enter a batch name with only one character.
3. Fill in expiry date and confirm.
Verification:
- Error message is shown indicating the batch name must be more than 2 characters.
","626","test_batch_name_too_short[Priorix-Tetra]","tests","2026-01-30","passed","2026-01-30","","test_vaccines","",""
"
Test: Attempt to add a batch with a name that is too long and verify error message.
Steps:
1. Click to add a new batch for the given vaccine.
2. Enter a batch name with more than 100 characters.
3. Fill in expiry date and confirm.
Verification:
- Error message is shown indicating the batch name must be less than 100 characters.
","524","test_batch_name_too_long[ProQuad]","tests","2026-01-30","passed","2026-01-30","","test_vaccines","",""
"
Test: Attempt to add a batch with a name that is too short and verify error message.
Steps:
1. Click to add a new batch for the given vaccine.
2. Enter a batch name with only one character.
3. Fill in expiry date and confirm.
Verification:
- Error message is shown indicating the batch name must be more than 2 characters.
","638","test_batch_name_too_short[Menveo]","tests","2026-01-30","passed","2026-01-30","","test_vaccines","",""
"
Test: Upload an invalid class list file and verify error handling.
Steps:
1. Navigate to class list import page for the correct school and year group.
2. Upload a class list file with invalid data.
Verification:
- Output lists errors as expected for each record
Scenarios covered:
EmptyFirstName, EmptyLastName, EmptyDOB, LongNHSNo, InvalidPostCode,
InvalidParent1Email, InvalidParent2Email, InvalidYearGroup, InvalidFirstName,
InvalidLastName, InvalidPrefFirstName, InvalidPrefLastName, InvalidParent1Name,
InvalidParent2Name
","889","test_class_list_file_upload_invalid_data","tests","2026-01-30","passed","2026-01-30","","test_import_class_lists","",""
"
Test: Attempt to add a batch with a name that is too long and verify error message.
Steps:
1. Click to add a new batch for the given vaccine.
2. Enter a batch name with more than 100 characters.
3. Fill in expiry date and confirm.
Verification:
- Error message is shown indicating the batch name must be less than 100 characters.
","575","test_batch_name_too_long[Priorix-Tetra]","tests","2026-01-30","passed","2026-01-30","","test_vaccines","",""
"
Test: Verify a vaccination can be recorded after providing nurse consent for flu
Steps:
1. Setup: Schedule sessions for doubles at a school and
   import a fixed child class list.
2. Navigate to the session and register the child as attending.
3. Record verbal consent for the child.
4. Record both vaccinations for the child with a long notes field.
Verification:
- Vaccinations can be recorded
- Providing long notes gives an error
","13986","test_e2e_nurse_consent_flu[consent_option: ]","tests","2026-01-30","passed","2026-01-30","","test_e2e_nurse_consent_flu","",""
"
Test: Add, edit, and archive a vaccine batch and verify success alerts.
Steps:
1. Click to add a new batch for the given vaccine.
2. Fill in batch name and expiry date, then confirm.
3. Edit the batch expiry date and confirm.
4. Archive the batch and confirm.
Verification:
- Success alerts are visible after each operation (add, edit, archive).
","2342","test_batch_add_change_archive[Cell-based Trivalent Influenza Vaccine Seqirus]","tests","2026-01-30","passed","2026-01-30","","test_vaccines","",""
"
Test: Submit an online consent form giving consent for HPV vaccination and
   verify confirmation.
Steps:
1. Fill in child and parent details on the consent page, optionally changing school.
2. Agree to HPV vaccination.
3. Fill in address details.
4. Answer the required number of health questions, optionally marking one as 'yes'.
5. Submit the consent form.
Verification:
- Confirmation message is shown for the correct child, vaccine, and
  health question status.
","6915","test_consent_given_for_hpv_vaccination[yes_to_health_questions: False]","tests","2026-01-30","passed","2026-01-30","","test_online_consent_hpv","",""
"
Test: Attempt to add a batch with a name that is too long and verify error message.
Steps:
1. Click to add a new batch for the given vaccine.
2. Enter a batch name with more than 100 characters.
3. Fill in expiry date and confirm.
Verification:
- Error message is shown indicating the batch name must be less than 100 characters.
","575","test_batch_name_too_long[Revaxis]","tests","2026-01-30","passed","2026-01-30","","test_vaccines","",""
"
Test: Upload duplicate vaccination records and verify duplicate handling.
Steps:
1. Upload a vaccination file with duplicate records.
2. Upload a second file with more duplicates.
Verification:
- Output indicates duplicates are detected and handled.
Scenarios covered:
1. Duplicate records within the same file, and
2. Duplicate records across 2 different files
","0","test_vaccination_file_upload_duplicate_records","tests","2026-01-30","skipped","2026-01-30","","test_import_offline_vaccinations","",""
"
Test: Attempt to add a batch with a name that is too short and verify error message.
Steps:
1. Click to add a new batch for the given vaccine.
2. Enter a batch name with only one character.
3. Fill in expiry date and confirm.
Verification:
- Error message is shown indicating the batch name must be more than 2 characters.
","605","test_batch_name_too_short[MenQuadfi]","tests","2026-01-30","passed","2026-01-30","","test_vaccines","",""
"
Test: Upload an invalid vaccination records file and verify error handling.
Steps:
1. Navigate to vaccination records import page.
2. Upload a vaccination file with invalid data.
Verification:
- Output lists errors as expected for each record
Scenarios covered:

HPV_InvalidODSCode, HPV_EmptyOrgCode, HPV_EmptySchoolURN, HPV_NotKnownSchoolEmpty,
HPV_LongNHSNumber, HPV_ShortNHSNumber, HPV_EmptyForename, HPV_EmptyLastname,
HPV_EmptyDOB, HPV_InvalidFormatDOB, HPV_FutureDOB, HPV_NonLeapYearDOB,
HPV_EmptyGender, HPV_InvalidGender, HPV_EmptyPostCode, HPV_InvalidPostCode,
HPV_EmptyVaccDate, HPV_FutureVaccDate, HPV_EmptyVaccGiven, HPV_EmptyBatchNumber,
HPV_EmptyExpiryDate, HPV_EmptyAnatomicalSite, HPV_InvalidAnatomicalSite,
HPV_EmptyDoseSeq, HPV_InvalidDoseSeq, HPV_EmptyCareSetting, HPV_InvalidProfFName,
HPV_InvalidProfSName, HPV_InvalidProfEmail, HPV_InvalidClinic, HPV_InvalidTime,
HPV_InvalidReason, HPV_InvalidVaccinatedFlag, HPV_InvalidCareSetting,
HPV_TimeInFuture, HPV_VaccinatedFlagEmpty, TDIPV_EmptyDoseSeq, TDIPV_InvalidDoseSeq,
MenACWY_EmptyDoseSeq, MenACWY_InvalidDoseSeq, MenACWY_LongBatchNumber, MMR_DoseSeq3
","1914","test_vaccination_file_upload_invalid_data","tests","2026-01-30","passed","2026-01-30","","test_import_offline_vaccinations","",""
"
Test: Attempt to add a batch with a name that is too long and verify error message.
Steps:
1. Click to add a new batch for the given vaccine.
2. Enter a batch name with more than 100 characters.
3. Fill in expiry date and confirm.
Verification:
- Error message is shown indicating the batch name must be less than 100 characters.
","640","test_batch_name_too_long[MenQuadfi]","tests","2026-01-30","passed","2026-01-30","","test_vaccines","",""
"
Test: Attempt to create an invalid session and verify error handling.
Steps:
1. Navigate to sessions page.
2. Attempt to create a session with invalid data for the school and programme.
3. Attempt to create sessions in previous and next academic years.
Verification:
- Error is shown or invalid session is not created.
","6524","test_create_invalid_session","tests","2026-01-30","passed","2026-01-30","","test_sessions","",""
"
Test: Verify that tallying totals match the number of eligible patients.
Steps:
1. Navigate to a session with eligible patients for the given programme.
2. Compare the sum of the tally boxes with the count of eligible patients.
Verification:
- Sum of tally totals should equal the number of eligible children shown
  on the children tab.
","10650","test_tallying_totals_match_eligible_patients[Programme: Td/IPV]","tests","2026-01-30","passed","2026-01-30","","test_tallying","",""
"
Test: End-to-end test for recording a flu vaccination for a child.
Steps:
1. Setup: Log in as nurse, create session, import class list, and get batch name.
2. Go to online consent URL and fill in child and parent details.
3. Agree to flu vaccination, fill address, answer health questions, and confirm.
4. Log in as nurse, navigate to session, set session in progress,
   register child as attending.
5. Record flu vaccination for the child.
Verification:
- Final consent message is shown after online consent.
- Vaccination is recorded for the child in the session.
","22188","test_recording_flu_vaccination_e2e[consent_option: Nasal spray]","tests","2026-01-30","passed","2026-01-30","","test_e2e_flu","",""
"
Test: Attempt to add a batch with a name that is too short and verify error message.
Steps:
1. Click to add a new batch for the given vaccine.
2. Enter a batch name with only one character.
3. Fill in expiry date and confirm.
Verification:
- Error message is shown indicating the batch name must be more than 2 characters.
","798","test_batch_name_too_short[ProQuad]","tests","2026-01-30","passed","2026-01-30","","test_vaccines","",""
